{"cameraMode":{"drawMode":0,"name":"Shaded","section":"Shading Mode"},"sceneLighting":true,"audioPlay":false,"sceneViewState":{"m_AlwaysRefresh":true,"showFog":true,"showSkybox":true,"showFlares":true,"showImageEffects":true,"showParticleSystems":true,"showVisualEffectGraphs":true,"m_FxEnabled":true},"in2DMode":false,"pivot":{"x":-0.8374197483062744,"y":0.003233790397644043,"z":5.373340606689453},"rotation":{"x":0.1374472975730896,"y":0.2165495753288269,"z":-0.030765580013394357,"w":0.9661192297935486},"size":6.35578727722168,"orthographic":false}