{"cameraMode":{"drawMode":0,"name":"Shaded","section":"Shading Mode"},"sceneLighting":true,"audioPlay":false,"sceneViewState":{"m_AlwaysRefresh":true,"showFog":true,"showSkybox":true,"showFlares":true,"showImageEffects":true,"showParticleSystems":true,"showVisualEffectGraphs":true,"m_FxEnabled":true},"in2DMode":false,"pivot":{"x":377.9566650390625,"y":83.15550231933594,"z":423.02752685546877},"rotation":{"x":0.11697426438331604,"y":0.1439700573682785,"z":-0.017142515629529954,"w":0.9825025200843811},"size":11.98062515258789,"orthographic":false}