{"cameraMode":{"drawMode":0,"name":"Shaded","section":"Shading Mode"},"sceneLighting":true,"audioPlay":false,"sceneViewState":{"m_AlwaysRefresh":true,"showFog":true,"showSkybox":true,"showFlares":true,"showImageEffects":true,"showParticleSystems":true,"showVisualEffectGraphs":true,"m_FxEnabled":true},"in2DMode":false,"pivot":{"x":-1.6547393798828126,"y":2.8376944065093996,"z":0.9614322185516357},"rotation":{"x":0.18310806155204774,"y":0.5641555190086365,"z":-0.13003090023994447,"w":0.7946105599403381},"size":6.583120346069336,"orthographic":false}