{"cameraMode":{"drawMode":0,"name":"Shaded","section":"Shading Mode"},"sceneLighting":true,"audioPlay":false,"sceneViewState":{"m_AlwaysRefresh":true,"showFog":true,"showSkybox":true,"showFlares":true,"showImageEffects":true,"showParticleSystems":true,"showVisualEffectGraphs":true,"m_FxEnabled":true},"in2DMode":false,"pivot":{"x":-0.5467832088470459,"y":0.408305287361145,"z":0.4995076656341553},"rotation":{"x":0.01576412096619606,"y":0.877932608127594,"z":-0.02898494154214859,"w":0.47767871618270876},"size":1.7106144428253174,"orthographic":false}