{"cameraMode":{"drawMode":0,"name":"Shaded","section":"Shading Mode"},"sceneLighting":true,"audioPlay":false,"sceneViewState":{"m_AlwaysRefresh":true,"showFog":true,"showSkybox":true,"showFlares":true,"showImageEffects":true,"showParticleSystems":true,"showVisualEffectGraphs":true,"m_FxEnabled":true},"in2DMode":false,"pivot":{"x":594.3248291015625,"y":95.74415588378906,"z":532.4439697265625},"rotation":{"x":-0.18113921582698823,"y":0.05217236652970314,"z":-0.009737352840602398,"w":-0.9821112155914307},"size":420.1569519042969,"orthographic":false}