{"cameraMode":{"drawMode":0,"name":"Shaded","section":"Shading Mode"},"sceneLighting":true,"audioPlay":false,"sceneViewState":{"m_AlwaysRefresh":true,"showFog":true,"showSkybox":true,"showFlares":true,"showImageEffects":true,"showParticleSystems":true,"showVisualEffectGraphs":true,"m_FxEnabled":true},"in2DMode":false,"pivot":{"x":486.78948974609377,"y":128.45486450195313,"z":448.87255859375},"rotation":{"x":-0.22110030055046082,"y":0.37547239661216738,"z":-0.09357799589633942,"w":-0.8954637050628662},"size":292.65570068359377,"orthographic":false}